size,language,dog_ms,bat_ms
large,bash,51.70,319.10
large,c,64.79,372.76
large,cpp,161.67,1248.71
large,css,33.23,242.05
large,go,360.33,2435.62
large,html,49.51,84.79
large,javascript,69.58,796.91
large,json,34.23,304.74
large,lua,35.09,186.46
large,markdown,71.34,549.20
large,python,117.73,714.54
large,ruby,31.57,165.39
large,rust,35.14,240.22
large,swift,38.63,203.15
large,tsx,58.76,696.89
large,typescript,403.98,5988.95
large,yaml,17.55,167.04
medium,bash,11.33,52.95
medium,c,16.44,79.49
medium,cpp,23.47,154.60
medium,css,11.19,66.68
medium,go,14.50,77.11
medium,html,32.67,82.55
medium,javascript,17.20,143.60
medium,json,11.42,73.11
medium,lua,21.29,84.09
medium,markdown,25.27,131.91
medium,python,18.63,96.24
medium,ruby,21.33,115.13
medium,rust,16.88,94.49
medium,swift,18.78,100.06
medium,tsx,11.50,102.25
medium,typescript,16.04,208.60
medium,yaml,15.47,109.01
small,bash,6.18,20.34
small,c,6.50,19.93
small,cpp,7.32,28.75
small,css,5.75,21.63
small,go,7.23,25.87
small,html,9.27,28.29
small,javascript,5.97,17.21
small,json,6.19,19.89
small,lua,6.96,19.38
small,markdown,6.95,29.30
small,python,6.74,23.56
small,ruby,6.93,24.71
small,rust,6.35,20.92
small,swift,6.38,19.19
small,tsx,6.03,33.94
small,typescript,5.96,36.37
small,yaml,5.81,14.56
tiny,bash,4.96,13.60
tiny,c,5.37,13.00
tiny,cpp,5.51,19.01
tiny,css,5.16,17.90
tiny,go,5.19,11.81
tiny,html,5.38,11.93
tiny,javascript,5.54,15.92
tiny,json,5.50,12.72
tiny,lua,5.62,13.26
tiny,markdown,5.63,15.69
tiny,python,5.27,13.84
tiny,ruby,5.49,14.20
tiny,rust,5.76,14.59
tiny,swift,5.42,12.57
tiny,tsx,5.42,26.68
tiny,typescript,5.51,25.47
tiny,yaml,5.31,12.29
xlarge,c,1146.94,6940.12
xlarge,javascript,244.72,2431.48
